Time (min)	Sample 1	Sample 2	Sample 3
0.002083			-1.165390015
0.00875	-1.336336136	-1.304388046	-1.16109848
0.015417	-1.33189559	-1.300156116	-1.158714294
0.022083	-1.327484846	-1.295596361	-1.15776062
0.02875	-1.325190067	-1.291722059	-1.158714294
0.035417	-1.324862242	-1.288801432	-1.162052155
0.042083	-1.324921846	-1.286834478	-1.167297363
0.04875	-1.324236393	-1.285403967	-1.171112061
0.055417	-1.323491335	-1.284390688	-1.173019409
0.062083	-1.323223114	-1.284122467	-1.173973083
0.06875	-1.323014498	-1.284122467	-1.176357269
0.075417	-1.322954893	-1.284331083	-1.180648804
0.082083	-1.323848963	-1.284599304	-1.185417175
0.08875	-1.325488091	-1.28480792	-1.18970871
0.095417	-1.326978207	-1.285493374	-1.19304657
0.102083	-1.327931881	-1.286238432	-1.195430756
0.10875	-1.328468323	-1.286715269	-1.198291779
0.115417	-1.327842474	-1.287192106	-1.200675964
0.122083	-1.326411963	-1.287460327	-1.20306015
0.12875	-1.324772835	-1.287251711	-1.20639801
0.135417	-1.322865486	-1.286149025	-1.210689545
0.142083	-1.320540905	-1.284241676	-1.215457916
0.14875	-1.317679882	-1.281708479	-1.219272614
0.155417	-1.314610243	-1.277536154	-1.220703125
0.162083	-1.311063766	-1.271873713	-1.222133636
0.16875	-1.307249069	-1.265883446	-1.224994659
0.175417	-1.303642988	-1.2601614	-1.22833252
0.182083	-1.300722361	-1.254230738	-1.229763031
0.18875	-1.298755407	-1.247614622	-1.232624054
0.195417	-1.298159361	-1.240879297	-1.236438751
0.202083	-1.298636198	-1.235514879	-1.240730286
0.20875	-1.298069954	-1.231640577	-1.244068146
0.215417	-1.29532814	-1.228094101	-1.247882843
0.222083	-1.291930676	-1.224696636	-1.252174377
0.22875	-1.289904118	-1.222670078	-1.255512238
0.235417	-1.28915906	-1.22192502	-1.256942749
0.242083	-1.288682222	-1.220822334	-1.258850098
0.24875	-1.288622618	-1.218497753	-1.261711121
0.255417	-1.289516687	-1.21563673	-1.265048981
0.262083	-1.290112734	-1.212775707	-1.268863678
0.26875	-1.288801432	-1.209914684	-1.274585724
0.275417	-1.285582781	-1.206219196	-1.280784607
0.282083	-1.280874014	-1.201242208	-1.285552979
0.28875	-1.276254654	-1.195788383	-1.289367676
0.295417	-1.27223134	-1.190274954	-1.291751862
0.302083	-1.268148422	-1.184821129	-1.294136047
0.30875	-1.264125109	-1.179307699	-1.296520233
0.315417	-1.260250807	-1.174271107	-1.298427582
0.322083	-1.256912947	-1.169919968	-1.301288605
0.32875	-1.253783703	-1.165896654	-1.305103302
0.335417	-1.251339912	-1.161187887	-1.309394836
0.342083	-1.249432564	-1.155734062	-1.312732697
0.34875	-1.247525215	-1.1498034	-1.313686371
0.355417	-1.24540925	-1.143813133	-1.314163208
0.362083	-1.242816448	-1.13850832	-1.314640045
0.36875	-1.23912096	-1.134574413	-1.315593719
0.375417	-1.23372674	-1.132339239	-1.316547394
0.382083	-1.227736473	-1.130491495	-1.318454742
0.38875	-1.223266125	-1.128107309	-1.321792603
0.395417	-1.221239567	-1.125723124	-1.3256073
0.402083	-1.220703125	-1.123130322	-1.328468323
0.40875	-1.221328974	-1.120060682	-1.330375671
0.415417	-1.222342253	-1.116722822	-1.331329346
0.422083	-1.222401857	-1.114010811	-1.333236694
0.42875	-1.221090555	-1.112729311	-1.336097717
0.435417	-1.218289137	-1.11246109	-1.338005066
0.442083	-1.214951277	-1.112043858	-1.338005066
0.44875	-1.211613417	-1.110464334	-1.337528229
0.455417	-1.208692789	-1.108080149	-1.338481903
0.462083	-1.206725836	-1.105487347	-1.340389252
0.46875	-1.205086708	-1.102209091	-1.3422966
0.475417	-1.202970743	-1.097977161	-1.344203949
0.482083	-1.200586557	-1.093626022	-1.347064972
0.48875	-1.198202372	-1.090019941	-1.350879669
0.495417	-1.195818186	-1.087099314	-1.352787018
0.502083	-1.193851233	-1.084715128	-1.352787018
0.50875	-1.192420721	-1.083374023	-1.352787018
0.515417	-1.190572977	-1.083791256	-1.354217529
0.522083	-1.18881464	-1.084536314	-1.355648041
0.52875	-1.187652349	-1.084178686	-1.358032227
0.535417	-1.186013222	-1.081705093	-1.361846924
0.542083	-1.184105873	-1.077890396	-1.366615295
0.54875	-1.182198524	-1.074284315	-1.369476318
0.555417	-1.180291176	-1.071572304	-1.37090683
0.562083	-1.178175211	-1.070082188	-1.37090683
0.56875	-1.175373793	-1.06933713	-1.369953156
0.575417	-1.172453165	-1.069277525	-1.367092133
0.582083	-1.170277596	-1.069962978	-1.363277435
0.58875	-1.168370247	-1.070290804	-1.36089325
0.595417	-1.166671515	-1.06960535	-1.361370087
0.602083	-1.165658236	-1.06844306	-1.363754272
0.60875	-1.165598631	-1.067429781	-1.367092133
0.615417	-1.165241003	-1.067787409	-1.37090683
0.622083	-1.163601875	-1.069635153	-1.374721527
0.62875	-1.16148591	-1.072019339	-1.37758255
0.635417	-1.159101725	-1.073986292	-1.379013062
0.642083	-1.15609169	-1.07562542	-1.379966736
0.64875	-1.152276993	-1.077324152	-1.381397247
0.655417	-1.149296761	-1.077920198	-1.382350922
0.662083	-1.147806644	-1.077234745	-1.383304596
0.66875	-1.14685297	-1.075863838	-1.385688782
0.675417	-1.145899296	-1.073539257	-1.388549805
0.682083	-1.145362854	-1.070469618	-1.391410828
0.68875	-1.145780087	-1.068174839	-1.394271851
0.695417	-1.146733761	-1.06805563	-1.397132874
0.702083	-1.147687435	-1.069426537	-1.400470734
0.70875	-1.148849726	-1.071751118	-1.403331757
0.715417	-1.149863005	-1.074820757	-1.405239105
0.722083	-1.150131226	-1.078158617	-1.405715942
0.72875	-1.149922609	-1.080453396	-1.406669617
0.735417	-1.149445772	-1.080989838	-1.407146454
0.742083	-1.148968935	-1.080572605	-1.408100128
0.74875	-1.148700714	-1.08024478	-1.40953064
0.755417	-1.149326563	-1.081347466	-1.411437988
0.762083	-1.150965691	-1.083672047	-1.414299011
0.76875	-1.153290272	-1.086741686	-1.417160034
0.775417	-1.155734062	-1.08987093	-1.420021057
0.782083	-1.157015562	-1.092523336	-1.42288208
0.78875	-1.157701015	-1.094698906	-1.425743103
0.795417	-1.159071922	-1.096397638	-1.428604126
0.802083	-1.16160512	-1.09782815	-1.430988312
0.80875	-1.165360212	-1.099467278	-1.433849335
0.815417	-1.169860363	-1.101374626	-1.435756683
0.822083	-1.174837351	-1.103073359	-1.436710358
0.82875	-1.179456711	-1.103669405	-1.435279846
0.835417	-1.182645559	-1.102566719	-1.434326172
0.842083	-1.184612513	-1.10065937	-1.43289566
0.84875	-1.185834408	-1.099169254	-1.430988312
0.855417	-1.186788082	-1.098841429	-1.4295578
0.862083	-1.187950373	-1.09910965	-1.429080963
0.86875	-1.190215349	-1.09910965	-1.430988312
0.875417	-1.193761826	-1.099318266	-1.433372498
0.882083	-1.197576523	-1.099795103	-1.435756683
0.88875	-1.201599836	-1.099646091	-1.438140869
0.895417	-1.205891371	-1.098483801	-1.441955566
0.902083	-1.209974289	-1.097053289	-1.444339752
0.90875	-1.212537289	-1.09604001	-1.446247101
0.915417	-1.213282347	-1.095563173	-1.447200775
0.922083	-1.213341951	-1.09487772	-1.447677612
0.92875	-1.212239265	-1.093924046	-1.447677612
0.935417	-1.209914684	-1.092344522	-1.446723938
0.942083	-1.20767951	-1.089960337	-1.445770264
0.94875	-1.207083464	-1.086950302	-1.444816589
0.955417	-1.208394766	-1.082926989	-1.445293427
0.962083	-1.210987568	-1.07884407	-1.446247101
0.96875	-1.214683056	-1.075029373	-1.448154449
0.975417	-1.219660044	-1.071423292	-1.450538635
0.982083	-1.224696636	-1.068085432	-1.452445984
0.98875	-1.229256392	-1.065373421	-1.451969147
0.995417	-1.232922077	-1.063466072	-1.451015472
1.002083	-1.235157251	-1.061558723	-1.449584961
1.00875	-1.235753298	-1.059651375	-1.448631287
1.015417	-1.235485077	-1.058161259	-1.448154449
1.022083	-1.235693693	-1.057416201	-1.449584961
1.02875	-1.23617053	-1.056522131	-1.453399658
1.035417	-1.236855984	-1.054883003	-1.456737518
1.042083	-1.238226891	-1.052767038	-1.459598541
1.04875	-1.240342855	-1.050382853	-1.46150589
1.055417	-1.242935658	-1.047998667	-1.462936401
1.062083	-1.24579668	-1.045405865	-1.464366913
1.06875	-1.248657703	-1.042544842	-1.463890076
1.075417	-1.25131011	-1.038849354	-1.462936401
1.082083	-1.252859831	-1.032620668	-1.461982727
1.08875	-1.25208497	-1.023471355	-1.46150589
1.095417	-1.247614622	-1.010686159	-1.458644867
1.102083	-1.238793135	-0.993072987	-1.452445984
1.10875	-1.22615695	-0.97116828	-1.442909241
1.115417	-1.210331917	-0.944972038	-1.431465149
1.122083	-1.192331314	-0.915110111	-1.417636871
1.12875	-1.17367506	-0.883638859	-1.401901245
1.135417	-1.156181097	-0.853210688	-1.385211945
1.142083	-1.14095211	-0.825375319	-1.370429993
1.14875	-1.128852367	-0.800400972	-1.358509064
1.155417	-1.118779182	-0.778913498	-1.347541809
1.162083	-1.109451056	-0.761926174	-1.33562088
1.16875	-1.099765301	-0.749498606	-1.32226944
1.175417	-1.088649035	-0.740528107	-1.307487488
1.182083	-1.075893641	-0.735193491	-1.288890839
1.18875	-1.06164813	-0.734478235	-1.267433167
1.195417	-1.047074795	-0.737369061	-1.243591309
1.202083	-1.032978296	-0.742554665	-1.221656799
1.20875	-1.019567251	-0.747442245	-1.199245453
1.215417	-1.006066799	-0.749588013	-1.175880432
1.222083	-0.990718603	-0.746667385	-1.150131226
1.22875	-0.972151756	-0.736862421	-1.121520996
1.235417	-0.948667526	-0.7199049	-1.088142395
1.242083	-0.919252634	-0.696212053	-1.049518585
1.24875	-0.884056091	-0.666737556	-1.005649567
1.255417	-0.842988491	-0.632017851	-0.957489014
1.262083	-0.795245171	-0.592052937	-0.906944275
1.26875	-0.741243362	-0.54705143	-0.854969025
1.275417	-0.682353973	-0.497072935	-0.800132751
1.282083	-0.620692968	-0.44247508	-0.742435455
1.28875	-0.557601452	-0.38343668	-0.682353973
1.295417	-0.492870808	-0.320404768	-0.619888306
1.302083	-0.426650047	-0.255405903	-0.554084778
1.30875	-0.358849764	-0.189810991	-0.48494339
1.315417	-0.288248062	-0.125318766	-0.413417816
1.322083	-0.213474035	-0.062316656	-0.339984894
1.32875	-0.134706497	-0.00089407	-0.265598297
1.335417	-0.053346157	0.059187412	-0.190734863
1.342083	0.030457973	0.120311975	-0.114917755
1.34875	0.116378069	0.18465519	-0.03862381
1.355417	0.205099583	0.253498554	0.040531158
1.362083	0.29695034	0.327110291	0.123977661
1.36875	0.392705202	0.405699015	0.212669373
1.375417	0.493496656	0.489324331	0.304222107
1.382083	0.598847866	0.577509403	0.400066376
1.38875	0.70849061	0.66998601	0.49829483
1.395417	0.823050737	0.767797232	0.599384308
1.402083	0.943332911	0.872701406	0.70142746
1.40875	1.06933713	0.985443592	0.806331635
1.415417	1.201063395	1.107335091	0.913619995
1.422083	1.338720322	1.240760088	1.023769379
1.42875	1.483410597	1.387685537	1.136779785
1.435417	1.637041569	1.54954195	1.2550354
1.442083	1.801937819	1.727968454	1.379013062
1.44875	1.98033452	1.924037933	1.508712769
1.455417	2.172619104	2.13649869	1.64604187
1.462083	2.376586199	2.360194921	1.793384552
1.46875	2.587586641	2.586394548	1.950740814
1.475417	2.799898386	2.806186676	2.118110657
1.482083	3.009051085	3.011882305	2.29549408
1.48875	3.212809563	3.197997808	2.484798431
1.495417	3.411829472	3.365159035	2.689361572
1.502083	3.614664078	3.526806831	2.922534943
1.50875	3.848254681	3.720492125	3.228664398
1.515417	4.183769226	4.02662158	3.724575043
1.522083	4.808574915	4.592090845	4.703521729
1.52875	6.158232689	5.644261837	6.725311279
1.535417	8.911639452	7.441967726	10.36691666
1.542083	13.5691762	10.10245085	15.64741135
1.54875	19.87478137	13.41176033	21.7666626
1.555417	26.76424384	16.84346795	27.5478363
1.562083	32.96372294	19.80659366	32.06586838
1.56875	37.53587604	21.87585831	34.76667404
1.575417	39.94101286	22.84473181	35.40658951
1.582083	40.06302357	22.73616195	34.26456451
1.58875	38.41152787	21.83488011	32.19556808
1.595417	36.00430489	20.60511708	30.14659882
1.602083	33.77965093	19.46747303	28.59354019
1.60875	32.13483095	18.64033937	27.52542496
1.615417	31.0176909	18.17843318	26.79157257
1.622083	30.23681045	18.06977391	26.27563477
1.62875	29.60622311	18.24787259	25.86984634
1.635417	28.96285057	18.57301593	25.44546127
1.642083	28.17088366	18.87145638	24.87897873
1.64875	27.11760998	18.99349689	24.06358719
1.655417	25.69183707	18.82132888	22.88627625
1.662083	23.80844951	18.26608181	21.27313614
1.66875	21.4959085	17.31035113	19.29283142
1.675417	18.9474225	16.0446465	17.17710495
1.682083	16.46247506	14.61967826	15.18917084
1.68875	14.32412863	13.15945387	13.50069046
1.695417	12.76609302	11.74852252	12.24994659
1.702083	12.09506392	10.51467657	11.72733307
1.70875	12.85630465	9.717345238	12.51316071
1.715417	15.90293646	9.765326977	15.47765732
1.722083	22.32438326	11.15724444	21.67606354
1.72875	33.30355883	14.38879967	32.21797943
1.735417	49.95676875	19.87010241	48.14910889
1.742083	73.07371497	27.82690525	70.23763657
1.74875	102.5711298	38.11213374	98.43444824
1.755417	136.7104948	49.96472597	131.0381889
1.762083	171.7182994	61.94773316	164.296627
1.76875	202.5037408	72.25853205	193.2282448
1.775417	224.2244482	79.27173376	213.2749557
1.782083	233.6410582	81.96973801	221.5390205
1.78875	229.706943	80.1256299	217.1697617
1.795417	213.7299478	74.33459163	201.5080452
1.802083	189.1750395	65.87231159	178.0014038
1.80875	160.6081426	56.27340078	151.102066
1.815417	132.0360303	46.80663347	124.4931221
1.822083	105.8667004	38.20937872	100.1725197
1.82875	83.07006955	30.76770902	78.86123657
1.835417	63.8577044	24.51390028	60.75191498
1.842083	48.12455177	19.37648654	45.8073616
1.84875	35.65391898	15.28015733	33.87784958
1.855417	26.24416351	12.17919588	24.84846115
1.862083	19.6583569	10.00255346	18.56899261
1.86875	15.46287537	8.593916893	14.64223862
1.875417	13.01363111	7.736057043	12.41350174
1.882083	11.6482079	7.228881121	11.2080574
1.88875	10.87802649	6.934642792	10.54906845
1.895417	10.42437553	6.770581007	10.17570496
1.902083	10.14778018	6.685674191	9.960174561
1.90875	9.972304106	6.645739079	9.830951691
1.915417	9.845256805	6.624817848	9.737014771
1.922083	9.723722935	6.603062153	9.639263153
1.92875	9.574919939	6.567060947	9.509086609
1.935417	9.378373623	6.509274244	9.328365326
1.942083	9.126663208	6.426841021	9.093761444
1.94875	8.82935524	6.325155497	8.815288544
1.955417	8.512735367	6.21971488	8.519172668
1.962083	8.214056492	6.13746047	8.241653442
1.96875	7.973700762	6.111979485	8.021831512
1.975417	7.826656103	6.174832582	7.894039154
1.982083	7.794290781	6.345659494	7.875919342
1.98875	7.878243923	6.622970104	7.967472076
1.995417	8.058995008	6.984382868	8.149147034
2.002083	8.30540061	7.394015789	8.392333984
2.00875	8.588850498	7.817149162	8.668422699
2.015417	8.890450001	8.231788874	8.959770203
2.022083	9.2009902	8.631110191	9.262561798
2.02875	9.512662888	9.014815092	9.576797485
2.035417	9.809553623	9.374529123	9.891986847
2.042083	10.06501913	9.688764811	10.18714905
2.04875	10.25447249	9.934455156	10.44750214
2.055417	10.3815794	10.11446118	10.69116592
2.062083	10.51062346	10.29160619	10.99777222
2.06875	10.80599427	10.62777638	11.54232025
2.075417	11.57045364	11.41929626	12.63093948
2.082083	13.24924827	13.09123635	14.69230652
2.08875	16.34547114	16.1100328	18.18799973
2.095417	21.25388384	20.86013556	23.42748642
2.102083	28.80829573	28.78934145	30.75456619
2.10875	46.35804892	50.42603612	46.11539841
2.115417	101.6471684	118.6617911	99.61414337
2.122083	240.0935888	278.8576186	243.9217567
2.12875	484.7774506	544.7955728	502.969265
2.135417	798.4591126	868.41169	830.5702209
2.142083	1099.079609	1165.377736	1134.096622
2.14875	1312.741727	1366.10961	1341.324329
2.155417	1396.39318	1429.443568	1415.045261
2.162083	1326.407403	1333.674371	1330.112457
2.16875	1109.029114	1093.38516	1093.067169
2.175417	802.4200797	776.371479	769.9165344
2.182083	498.801738	475.8482873	462.5692368
2.18875	269.159466	255.0195158	240.9296036
2.195417	130.1813722	123.4247982	113.1458282
2.202083	60.24608016	57.55585432	51.7616272
2.20875	29.7704041	28.82000804	26.04150772
2.215417	17.52117276	17.19129086	15.90919495
2.222083	12.4771595	12.31342554	11.69204712
2.22875	10.06883383	9.904265404	9.610652924
2.235417	8.656620979	8.440136909	8.354187012
2.242083	7.674157619	7.401436567	7.468700409
2.24875	6.911724806	6.59519434	6.78062439
2.255417	6.281852722	5.934566259	6.217956543
2.262083	5.742818117	5.374550819	5.743026733
2.26875	5.271881819	4.889428616	5.33246994
2.275417	4.853069782	4.463404417	4.9700737
2.282083	4.475682974	4.085928202	4.645347595
2.28875	4.134714603	3.74802947	4.354000092
2.295417	3.829389811	3.444999456	4.093170166
2.302083	3.560364246	3.176510334	3.862857819
2.30875	3.326058388	2.942830324	3.663063049
2.315417	3.124922514	2.742707729	3.492832184
2.322083	2.957314253	2.573698759	3.353595734
2.32875	2.825498581	2.436190844	3.247737885
2.335417	2.732604742	2.333939075	3.180503845
2.342083	2.681910992	2.271026373	3.155231476
2.34875	2.678692341	2.252310514	3.178119659
2.355417	2.730935812	2.284407616	3.255367279
2.362083	2.847701311	2.374887466	3.395557404
2.36875	3.03658843	2.530604601	3.604888916
2.375417	3.301858902	2.756178379	3.887653351
2.382083	3.645479679	3.054589033	4.248142242
2.38875	4.068464041	3.42670083	4.689693451
2.395417	4.57316637	3.873080015	5.214691162
2.402083	5.164563656	4.396885633	5.82742691
2.40875	5.850404501	5.005389452	6.537914276
2.415417	6.644785404	5.712002516	7.359981537
2.422083	7.5712502	6.536394358	8.316516876
2.42875	8.665531874	7.509171963	9.444236755
2.435417	9.977996349	8.676916361	10.79463959
2.442083	11.57358289	10.0979507	12.43495941
2.44875	13.51723075	11.82860136	14.43338394
2.455417	15.84160328	13.88937235	16.82281494
2.462083	18.50274205	16.22763276	19.54841614
2.46875	21.35074139	18.69893074	22.44091034
2.475417	24.13642406	21.07736468	25.23231506
2.482083	26.55240893	23.09662104	27.60314941
2.48875	28.30082178	24.50731397	29.25109863
2.495417	29.17513251	25.1480937	29.9782753
2.502083	29.13045883	25.00498295	29.76989746
2.50875	28.30296755	24.21832085	28.79953384
2.515417	26.96239948	23.03424478	27.36234665
2.522083	25.42960644	21.73185349	25.78830719
2.52875	24.00031686	20.56235075	24.37162399
2.535417	22.8972137	19.71155405	23.32401276
2.542083	22.25184441	19.29068565	22.75896072
2.54875	22.11913466	19.35333014	22.71699905
2.555417	22.51517773	19.92791891	23.20718765
2.562083	23.45502377	21.04708552	24.24526215
2.56875	24.97184277	22.76274562	25.86555481
2.575417	27.12246776	25.15128255	28.12433243
2.582083	29.99150753	28.3164382	31.10408783
2.58875	33.70061517	32.39512444	34.91830826
2.595417	38.42961788	37.57604957	39.74151611
2.602083	44.45809126	44.14436221	45.85075378
2.60875	52.2134304	52.53452063	53.67612839
2.615417	62.26935983	63.33214045	63.80271912
2.622083	75.22276044	77.14235783	76.84278488
2.62875	91.41740203	94.29773688	93.14250946
2.635417	110.5864942	114.4960821	112.3976707
2.642083	131.5802038	136.5353465	133.3827972
2.64875	152.3503065	158.3046913	153.9554596
2.655417	170.2556312	177.090019	171.3938713
2.662083	182.6066971	190.1288927	182.9771996
2.66875	187.2931421	195.2601373	186.6350174
2.675417	183.326453	191.4697886	181.4951897
2.682083	171.1187363	179.156363	168.1447029
2.68875	152.3669362	160.0143313	148.4670639
2.695417	129.5764446	136.5742087	125.1125336
2.702083	105.4333448	111.5799546	100.8257866
2.70875	82.27321506	87.44183183	77.91376114
2.715417	61.76573038	65.90914726	57.95192718
2.722083	44.81557012	47.97154665	41.72229767
2.72875	31.63695335	33.92100334	29.3135643
2.735417	21.93751931	23.51334691	20.3332901
2.742083	15.14077187	16.18054509	14.14203644
2.74875	10.57967544	11.23759151	10.0479126
2.755417	7.628589869	8.031219244	7.429122925
2.762083	5.772739649	6.017237902	5.795001984
2.76875	4.627943039	4.783064127	4.791259766
2.775417	3.92884016	4.038542509	4.177570343
2.782083	3.50138545	3.591626883	3.798961639
2.78875	3.235936165	3.320604563	3.559589386
2.795417	3.064244986	3.149479628	3.399372101
2.802083	2.944111824	3.031671047	3.28207016
2.80875	2.851366997	2.94137001	3.186702728
2.815417	2.774983644	2.866059542	3.102302551
2.822083	2.71064043	2.80213356	3.026485443
2.82875	2.658516169	2.752423286	2.960681915
2.835417	2.623975277	2.724051476	2.912044525
2.842083	2.615600824	2.726137638	2.888679504
2.84875	2.637177706	2.761214972	2.899646759
2.855417	2.680271864	2.818197012	2.945423126
2.862083	2.727001905	2.876609564	3.011703491
2.86875	2.758383751	2.91711092	3.07226181
2.875417	2.760946751	2.928882837	3.101825714
2.882083	2.730339766	2.909749746	3.086566925
2.88875	2.671837807	2.86668539	3.025054932
2.895417	2.601474524	2.818197012	2.928256989
2.902083	2.54201889	2.790033817	2.819538116
2.90875	2.51314044	2.804815769	2.730846405
2.915417	2.524554729	2.876758575	2.685546875
2.922083	2.578824759	3.014653921	2.695560455
2.92875	2.67753005	3.231942654	2.761363983
2.935417	2.825558186	3.552079201	2.880573273
2.942083	3.034770489	4.008948803	3.05891037
2.94875	3.323733807	4.644483328	3.308296204
2.955417	3.714054823	5.505114794	3.6444664
2.962083	4.227519035	6.637245417	4.082202911
2.96875	4.881978035	8.076697588	4.633426666
2.975417	5.687713623	9.841620922	5.302429199
2.982083	6.645649672	11.9279027	6.086349487
2.98875	7.74616003	14.30609822	6.972312927
2.995417	8.969396353	16.92342758	7.937908173
3.002083	10.28501987	19.70899105	8.956432343
3.00875	11.65533066	22.58348465	9.99879837
3.015417	13.04262877	25.46992898	11.03782654
3.022083	14.41475749	28.30392122	12.0511055
3.02875	15.74671268	31.04123473	13.02433014
3.035417	17.02168584	33.65799785	13.9503479
3.042083	18.23115349	36.14655137	14.82963562
3.04875	19.37451959	38.50886226	15.66410065
3.055417	20.45488358	40.74919224	16.45612717
3.062083	21.47006989	42.86137223	17.20094681
3.06875	22.40929008	44.81822252	17.88854599
3.075417	23.25105667	46.56758904	18.49746704
3.082083	23.96479249	48.03341627	18.99909973
3.08875	24.50948954	49.12036657	19.35720444
3.095417	24.8336792	49.71897602	19.53125
3.102083	24.88535643	49.72097278	19.48356628
3.10875	24.62056279	49.03668165	19.18268204
3.115417	24.01009202	47.61049151	18.61190796
3.122083	23.04336429	45.43450475	17.7693367
3.12875	21.73385024	42.55574942	16.67404175
3.135417	20.12383938	39.07585144	15.36655426
3.142083	18.28074455	35.14409065	13.9040947
3.14875	16.28741622	30.94288707	12.35389709
3.155417	14.23352957	26.66768432	10.78510284
3.162083	12.20813394	22.50403166	9.264469147
3.16875	10.29080153	18.60883832	7.848262787
3.175417	8.543461561	15.10044932	6.578445435
3.182083	7.006317377	12.05173135	5.478382111
3.18875	5.697697401	9.489476681	4.554271698
3.195417	4.616856575	7.40146637	3.801822662
3.202083	3.74931097	5.747109652	3.204345703
3.20875	3.070682287	4.469722509	2.741336823
3.215417	2.55137682	3.505915403	2.388477325
3.222083	2.161175013	2.791553736	2.122402191
3.22875	1.872509718	2.268612385	1.923084259
3.235417	1.661032438	1.888543367	1.774311066
3.242083	1.506686211	1.612603664	1.663684845
3.24875	1.393705606	1.411795616	1.581668854
3.255417	1.310199499	1.264423132	1.521587372
3.262083	1.247614622	1.154065132	1.476764679
3.26875	1.200318336	1.069784164	1.442432404
3.275417	1.164227724	1.004397869	1.415252686
3.282083	1.135736704	0.953346491	1.392841339
3.28875	1.112133265	0.912129879	1.373291016
3.295417	1.091718674	0.877231359	1.355648041
3.302083	1.073896885	0.846117735	1.339435577
3.30875	1.058518887	0.817120075	1.326084137
3.315417	1.044422388	0.790297985	1.313686371
3.322083	1.031428576	0.764757395	1.301765442
3.32875	1.019716263	0.740110874	1.289844513
3.335417	1.007854939	0.716269016	1.277923584
3.342083	0.99503994	0.693261623	1.265525818
3.34875	0.981062651	0.672578812	1.25169754
3.355417	0.965863466	0.653922558	1.2383461
3.362083	0.95012784	0.636428595	1.224517822
3.36875	0.934809446	0.620365143	1.210212708
3.375417	0.920444727	0.605940819	1.19638443
3.382083	0.907242298	0.592797995	1.184940338
3.38875	0.895887613	0.579714775	1.175403595
3.395417	0.886499882	0.566780567	1.166820526
3.402083	0.878751278	0.554800034	1.160621643
3.40875	0.87249279	0.544190407	1.158237457
3.415417	0.867605209	0.535488129	1.159191132
3.422083	0.86504221	0.528693199	1.162528992
3.42875	0.865340233	0.524640083	1.168251038
3.435417	0.868499279	0.524401665	1.178264618
3.442083	0.875353813	0.52818656	1.192092896
3.44875	0.887185335	0.536888838	1.210689545
3.455417	0.904679298	0.551521778	1.23500824
3.462083	0.928372145	0.572770834	1.266002655
3.46875	0.959306955	0.602424145	1.305103302
3.475417	0.9996593	0.642091036	1.354694366
3.482083	1.051753759	0.692814589	1.416683197
3.48875	1.117408276	0.756561756	1.491546631
3.495417	1.197099686	0.834554434	1.581192017
3.502083	1.292765141	0.927746296	1.686573029
3.50875	1.406759024	1.036256552	1.807689667
3.515417	1.538932323	1.159548759	1.944541931
3.522083	1.687914133	1.296371222	2.094745636
3.52875	1.851797104	1.443862915	2.256393433
3.535417	2.028256655	1.598954201	2.425670624
3.542083	2.213805914	1.758515835	2.601623535
3.54875	2.403318882	1.918852329	2.781391144
3.555417	2.591431141	2.076029778	2.961158752
3.562083	2.774477005	2.226769924	3.13615799
3.56875	2.9502213	2.368301153	3.304004669
3.575417	3.116816282	2.498984337	3.462314606
3.582083	3.272503614	2.617537975	3.60918045
3.58875	3.416955471	2.724319696	3.745079041
3.595417	3.550231457	2.820134163	3.870010376
3.602083	3.672689199	2.906650305	3.985881805
3.60875	3.785967827	2.986639738	4.09412384
3.615417	3.891974688	3.061532974	4.196643829
3.622083	3.992199898	3.133177757	4.292964935
3.62875	4.088014364	3.202706575	4.383563995
3.635417	4.180699587	3.269433975	4.468917847
3.642083	4.27031517	3.332406282	4.550933838
3.64875	4.355549812	3.390669823	4.62770462
3.655417	4.43443656	3.443270922	4.696846008
3.662083	4.505544901	3.488838673	4.755020142
3.66875	4.566818476	3.525882959	4.800796509
3.675417	4.616439342	3.552824259	4.832267761
3.682083	4.653722048	3.568738699	4.848480225
3.68875	4.678964615	3.574579954	4.853248596
3.695417	4.695117474	3.573805094	4.852771759
3.702083	4.70751524	3.573924303	4.853725433
3.70875	4.72471118	3.584772348	4.868030548
3.715417	4.758924246	3.6200881	4.908561707
3.722083	4.825651646	3.69656086	4.992961884
3.72875	4.943370819	3.832757473	5.138397217
3.735417	5.131006241	4.047781229	5.363464355
3.742083	5.406677723	4.358947277	5.687713623
3.74875	5.787879229	4.782706499	6.127357483
3.755417	6.28900528	5.330860615	6.69336319
3.762083	6.918370724	6.009697914	7.390975952
3.76875	7.678598166	6.818383932	8.214950562
3.775417	8.566200733	7.748842239	9.155273438
3.782083	9.570509195	8.787035942	10.19525528
3.78875	10.67587733	9.912699461	11.31391525
3.795417	11.86057925	11.10112667	12.48407364
3.802083	13.09803128	12.3244524	13.67807388
3.80875	14.35890794	13.55391741	14.86825943
3.815417	15.61403275	14.76100087	16.03078842
3.822083	16.8363452	15.91894031	17.13943481
3.82875	17.99708605	17.00213552	18.16892624
3.835417	19.06815171	17.9874599	19.09732819
3.842083	20.02435923	18.85476708	19.90556717
3.84875	20.84332705	19.5864439	20.57600021
3.855417	21.50392532	20.16633749	21.09003067
3.862083	21.98421955	20.57901025	21.43192291
3.86875	22.26644754	20.81125975	21.58927917
3.875417	22.33988047	20.85214853	21.55351639
3.882083	22.19843864	20.69470286	21.32129669
3.88875	21.84134722	20.33817768	20.89071274
3.895417	21.27468586	19.787848	20.26700974
3.902083	20.5142796	19.05441284	19.46544647
3.90875	19.58346367	18.1556344	18.50938797
3.915417	18.50965619	17.11562276	17.42458344
3.922083	17.32429862	15.96355438	16.23916626
3.92875	16.06187224	14.73015547	14.98556137
3.935417	14.75891471	13.44746351	13.69953156
3.942083	13.45044374	12.14823127	12.41397858
3.94875	12.16641068	10.86419821	11.15703583
3.955417	10.93313098	9.623914957	9.95349884
3.962083	9.772717953	8.45092535	8.825302124
3.96875	8.703172207	7.364869118	7.790088654
3.975417	7.736563683	6.380140781	6.858348846
3.982083	6.87918067	5.505681038	6.0338974
3.98875	6.13373518	4.745751619	5.316734314
3.995417	5.500674248	4.101276398	4.705905914
4.002083	4.977107048	3.56900692	4.195690155
4.00875	4.557222128	3.142744303	3.780841827
4.015417	4.233032465	2.815663815	3.4532547
4.022083	3.994226456	2.579092979	3.203392029
4.02875	3.829091787	2.423018217	3.021717072
4.035417	3.726392984	2.336591482	2.89773941
4.042083	3.675162792	2.309143543	2.820491791
4.04875	3.66422534	2.330988646	2.781391144
4.055417	3.682345152	2.391427755	2.771377563
4.062083	3.720223904	2.479702234	2.783298492
4.06875	3.770291805	2.586364746	2.811431885
4.075417	3.82527709	2.704769373	2.850532532
4.082083	3.878772259	2.828478813	2.89773941
4.08875	3.926604986	2.950370312	2.947807312
4.095417	3.967612982	3.066450357	2.996921539
4.102083	4.001200199	3.175377846	3.044605255
4.10875	4.027217627	3.27694416	3.091812134
4.115417	4.046589136	3.370463848	3.138542175
4.122083	4.062861204	3.455191851	3.185272217
4.12875	4.078805447	3.531485796	3.232955933
4.135417	4.095226526	3.600567579	3.28207016
4.142083	4.112958908	3.661930561	3.332138062
4.14875	4.134327173	3.714233637	3.383636475
4.155417	4.160732031	3.75726819	3.437042236
4.162083	4.191279411	3.790766001	3.493309021
4.16875	4.225164652	3.8151443	3.554821014
4.175417	4.264056683	3.830939531	3.623962402
4.182083	4.310727119	3.83836031	3.700733185
4.18875	4.367232323	3.83913517	3.785133362
4.195417	4.435807467	3.837436438	3.879547119
4.202083	4.521220922	3.840178251	3.989219666
4.20875	4.632741213	3.857463598	4.123687744
4.215417	4.781156778	3.902614117	4.293441772
4.222083	4.980951548	3.991991282	4.513263702
4.22875	5.251169205	4.145473242	4.803180695
4.235417	5.615562201	4.387676716	5.185604095
4.242083	6.102502346	4.746288061	5.683422089
4.24875	6.745219231	5.255252123	6.325721741
4.255417	7.585853338	5.959361792	7.152557373
4.262083	8.679568768	6.921172142	8.217334747
4.26875	10.09306312	8.221626282	9.586334229
4.275417	11.88826561	9.933054447	11.32297516
4.282083	14.0941143	12.07748055	13.463974
4.28875	16.69839025	14.61157203	16.00170136
4.295417	19.67927814	17.46580005	18.91231537
4.302083	23.0563879	20.60088515	22.20582962
4.30875	26.90827847	24.03068542	25.95043182
4.315417	31.32635355	27.80669928	30.23815155
4.322083	36.33376956	31.98599815	35.11142731
4.32875	41.83375835	36.58726811	40.52209854
4.335417	47.64074087	41.56166315	46.36621475
4.342083	53.60746384	46.83959484	52.5894165
4.34875	59.77749825	52.44699121	59.28039551
4.355417	66.39713049	58.5411787	66.6308403
4.362083	73.70972633	65.26067853	74.72801209
4.36875	81.69311285	72.53232598	83.34875107
4.375417	89.98042345	80.0460875	91.94374084
4.382083	97.9886353	87.38729358	99.817276
4.38875	105.1013172	94.16687489	106.3551903
4.395417	110.8485758	100.1036465	111.2318039
4.402083	115.092665	105.1092446	114.5362854
4.40875	118.0933416	109.3071401	116.7116165
4.415417	120.3269064	112.8946841	118.2808876
4.422083	122.1653223	115.9485579	119.5435524
4.42875	123.6796975	118.3585525	120.4586029
4.435417	124.6899366	119.9346781	120.7594872
4.442083	124.9713898	120.5704808	120.1920509
4.44875	124.461174	120.3424931	118.7396049
4.455417	123.3949959	119.5706427	116.727829
4.462083	122.5863695	119.1111505	114.991188
4.46875	124.3089139	121.2992668	115.7264709
4.475417	133.3765388	131.0243607	123.8689423
4.482083	156.1326683	154.6068788	146.2903023
4.48875	195.8909631	195.1349974	186.7055893
4.495417	248.2045293	247.8327453	240.2634621
4.502083	301.4430702	300.8837402	294.421196
4.50875	342.5441086	341.2851095	335.7300758
4.515417	361.9707227	359.6699834	354.9170494
4.522083	355.0476432	351.5324295	347.4264145
4.52875	322.7971792	318.1366026	314.1613007
4.535417	273.3641267	267.9534852	263.6060715
4.542083	220.1517224	214.5766914	209.9952698
4.54875	175.4321456	170.1536477	166.0251617
4.555417	144.6941495	139.8664117	136.7478371
4.562083	126.5522242	122.1072674	120.0437546
4.56875	116.6911423	112.5220358	111.2093925
4.575417	111.4163697	107.4751318	106.5707207
4.582083	108.8157296	105.1169634	104.3958664
4.58875	108.2753837	104.8708558	104.2222977
4.595417	109.6093357	106.565088	105.9184074
4.602083	112.4989986	109.8784208	109.1432571
4.60875	116.3722873	114.2257154	113.2955551
4.615417	120.4986572	118.8613176	117.6490784
4.622083	124.1069138	122.9978502	121.450901
4.62875	126.5540421	125.9668171	124.0801811
4.635417	127.5195777	127.3977757	125.2555847
4.642083	127.0387173	127.2614598	125.058651
4.64875	125.325501	125.7342994	123.7154007
4.655417	122.5583851	123.0000854	121.3860512
4.662083	118.7164187	119.0628707	118.0167198
4.66875	113.4866476	113.6235893	113.2097244
4.675417	106.4163148	106.2494814	106.400013
4.682083	97.34845161	96.83901072	97.38683701
4.68875	86.74737811	85.92459559	86.71760559
4.695417	75.55228472	74.48837161	75.43897629
4.702083	64.81781602	63.60542774	64.66531754
4.70875	55.50947785	54.25545573	55.41133881
4.715417	48.33465815	47.1380353	48.412323
4.722083	43.47211123	42.38370061	43.80178452
4.72875	40.44961929	39.45693374	40.98892212
4.735417	38.40517998	37.45621443	39.01910782
4.742083	36.51928902	35.55741906	37.05596924
4.74875	34.28447247	33.2762301	34.63077545
4.755417	31.57246113	30.53057194	31.69059753
4.762083	28.59023213	27.58160233	28.53822708
4.76875	25.75257421	24.87379313	25.66051483
4.775417	23.49609137	22.82711864	23.5080719
4.782083	22.11716771	21.68011665	22.3326683
4.78875	21.70613408	21.45180106	22.16243744
4.795417	22.17450738	21.99223638	22.85575867
4.802083	23.3156085	23.05939794	24.17373657
4.80875	24.85796809	24.37794209	25.82073212
4.815417	26.50931478	25.67631006	27.47583389
4.822083	28.02285552	26.70994401	28.82575989
4.82875	29.33427691	27.29234099	29.61826324
4.835417	30.80549836	27.34169364	29.7293663
4.842083	33.55574608	26.91367269	29.21438217
4.84875	39.72393274	26.18953586	28.28836441
4.855417	52.36333609	25.40892363	27.24647522
4.862083	74.68405366	24.78525043	26.35622025
4.86875	108.6721718	24.44255352	25.78306198
4.875417	153.5835862	24.38405156	25.55036545
4.882083	205.0701678	24.49351549	25.5446434
4.88875	255.5177212	24.5706141	25.55084229
4.895417	295.7220674	24.39656854	25.33149719
4.902083	317.4763024	23.81083369	24.7130394
4.90875	316.1357343	22.76286483	23.63491058
4.915417	292.0974493	21.31563425	22.15671539
4.922083	250.5674064	19.61293817	20.42245865
4.92875	199.7866333	17.83043146	18.61000061
4.935417	148.4932303	16.13330841	16.88766479
4.942083	103.5862565	14.6471262	15.38515091
4.94875	68.79109144	13.4421289	14.1749382
4.955417	44.63812709	12.53083348	13.26751709
4.962083	29.46022153	11.87837124	12.62331009
4.96875	20.71431279	11.42123342	12.17365265
4.975417	16.00128412	11.09141111	11.84892654
4.982083	13.55147362	10.83996892	11.59954071
4.98875	12.27530837	10.65084338	11.40546799
4.995417	11.60010695	10.53982973	11.28196716
5.002083	11.26417518	10.53506136	11.25907898
5.00875	11.14961505	10.65173745	11.35253906
5.015417	11.18010283	10.8692348	11.54088974
5.022083	11.27797365	11.12702489	11.76214218
5.02875	11.3619864	11.34207845	11.93857193
5.035417	11.36314869	11.43699884	12.00008392
5.042083	11.24283671	11.36690378	11.90948486
5.04875	11.00370288	11.13384962	11.67821884
5.055417	10.68785787	10.78230143	11.35778427
5.062083	10.35892963	10.38023829	11.02209091
5.06875	10.07968187	9.990274906	10.7383728
5.075417	9.893596172	9.649813175	10.55145264
5.082083	9.815603495	9.368926287	10.47420502
5.08875	9.832799435	9.141355753	10.4932785
5.095417	9.912312031	8.959800005	10.57577133
5.102083	10.01477242	8.823782206	10.68401337
5.10875	10.10525227	8.739411831	10.78557968
5.115417	10.16065478	8.715331554	10.8590126
5.122083	10.1724565	8.757561445	10.89906693
5.12875	10.14810801	8.865267038	10.91241837
5.135417	10.10859013	9.029537439	10.91527939
5.142083	10.08105278	9.236931801	10.92863083
5.14875	10.08942723	9.47329402	10.96820831
5.155417	10.14205813	9.724646807	11.03448868
5.162083	10.22738218	9.972661734	11.1117363
5.16875	10.31473279	10.18923521	11.16991043
5.175417	10.36217809	10.33622026	11.17038727
5.182083	10.3264153	10.37180424	11.0783577
5.18875	10.17507911	10.2635324	10.87141037
5.195417	9.89857316	10.00121236	10.54620743
5.202083	9.515523911	9.602487087	10.12420654
5.20875	9.071737528	9.112179279	9.649753571
5.215417	8.625566959	8.591324091	9.177207947
5.222083	8.231371641	8.102536201	8.758068085
5.22875	7.923454046	7.695764303	8.424758911
5.235417	7.708638906	7.398724556	8.186340332
5.242083	7.570296526	7.219463587	8.029937744
5.24875	7.480591536	7.152140141	7.93170929
5.255417	7.412552834	7.180064917	7.867336273
5.262083	7.34731555	7.279127836	7.818698883
5.26875	7.27391243	7.418900728	7.771492004
5.275417	7.189422846	7.564127445	7.717609406
5.282083	7.095336914	7.678598166	7.652759552
5.28875	6.992608309	7.732152939	7.575035095
5.295417	6.881356239	7.707715034	7.483482361
5.302083	6.760627031	7.604181767	7.375240326
5.30875	6.631553173	7.43407011	7.252693176
5.315417	6.498992443	7.220327854	7.122039795
5.322083	6.369560957	6.99070096	6.991863251
5.32875	6.250202656	6.770938635	6.872177124
5.335417	6.146132946	6.577908993	6.766319275
5.342083	6.06110692	6.420075893	6.679534912
5.34875	5.999624729	6.301432848	6.618022919
5.355417	5.970209837	6.22728467	6.593704224
5.362083	5.992680788	6.211489439	6.628990173
5.36875	6.106227636	6.280124187	6.765842438
5.375417	6.373852491	6.473511457	7.072925568
5.382083	6.873399019	6.841748953	7.631778717
5.38875	7.67236948	7.425129414	8.506298065
5.395417	8.789330721	8.223891258	9.700298309
5.402083	10.1595819	9.177088738	11.1246109
5.40875	11.62171364	10.16145945	12.59040833
5.415417	12.94252276	11.01487875	13.85068893
5.422083	13.87903094	11.57915592	14.66798782
5.42875	14.25033808	11.74494624	14.88494873
5.435417	13.99260759	11.48569584	14.47153091
5.442083	13.17545772	10.86387038	13.53311539
5.44875	11.97651029	10.0081265	12.27474213
5.455417	10.6228292	9.069025516	10.93196869
5.462083	9.322285652	8.175969124	9.698390961
5.46875	8.212655783	7.408797741	8.685111999
5.475417	7.345497608	6.792008877	7.9164505
5.482083	6.703972816	6.311058998	7.358551025
5.48875	6.238639355	5.934923887	6.954669952
5.495417	5.896657705	5.634874105	6.652832031
5.502083	5.637288094	5.391716957	6.418704987
5.50875	5.434155464	5.193710327	6.233215332
5.515417	5.271792412	5.033046007	6.083965302
5.522083	5.140632391	4.903316498	5.962371826
5.52875	5.034565926	4.798054695	5.864143372
5.535417	4.949241877	4.711896181	5.785942078
5.542083	4.881471395	4.640549421	5.727767944
5.54875	4.829913378	4.58034873	5.6848526
5.555417	4.793733358	4.528433084	5.658149719
5.562083	4.771023989	4.483610392	5.648136139
5.56875	4.75987792	4.445999861	5.653381348
5.575417	4.757761955	4.414647818	5.6681633
5.582083	4.75987792	4.388600588	5.684375763
5.58875	4.760801792	4.368156195	5.697250366
5.595417	4.75859642	4.355847836	5.704402924
5.602083	4.754155874	4.354387522	5.705833435
5.60875	4.749953747	4.366308451	5.703449249
5.615417	4.750221968	4.39453125	5.702018738
5.622083	4.760980606	4.441440105	5.709648132
5.62875	4.789859056	4.510045052	5.733966827
5.635417	4.843443632	4.604578018	5.783081055
5.642083	4.926145077	4.729598761	5.861759186
5.64875	5.038172007	4.886269569	5.971908569
5.655417	5.173414946	5.066931248	6.107807159
5.662083	5.31822443	5.253791809	6.25371933
5.66875	5.450755358	5.421459675	6.385326385
5.675417	5.546838045	5.541741848	6.478309631
5.682083	5.586653948	5.591154099	6.51216507
5.68875	5.561202765	5.5590868	6.477355957
5.695417	5.476415157	5.452096462	6.380558014
5.702083	5.352079868	5.293697119	6.244182587
5.70875	5.217552185	5.118250847	6.099224091
5.715417	5.105167627	4.962205887	5.977153778
5.722083	5.042374134	4.857689142	5.902290344
5.72875	5.045175552	4.823416471	5.890846252
5.735417	5.114257336	4.861980677	5.944728851
5.742083	5.23635745	4.960983992	6.050109863
5.74875	5.384713411	5.09506464	6.182193756
5.755417	5.523681641	5.230933428	6.307601929
5.762083	5.61863184	5.333602428	6.39629364
5.76875	5.644083023	5.375117064	6.42490387
5.775417	5.591213703	5.3422153	6.385803223
5.782083	5.467772484	5.239069462	6.285190582
5.78875	5.293607712	5.084514618	6.14118576
5.795417	5.096137524	4.904031754	5.977630615
5.802083	4.901796579	4.72253561	5.816936493
5.80875	4.728406668	4.558652639	5.671977997
5.815417	4.582464695	4.421174526	5.546092987
5.822083	4.460573196	4.31278348	5.435466766
5.82875	4.35641408	4.234522581	5.3358078
5.835417	4.266828299	4.194200039	5.242347717
5.842083	4.193842411	4.213064909	5.154132843
5.84875	4.147082567	4.329025745	5.072116852
5.855417	4.143476486	4.595518112	4.997730255
5.862083	4.206269979	5.075901747	4.93478775
5.86875	4.366785288	5.83460927	4.883289337
5.875417	4.662334919	6.92102313	4.843235016
5.882083	5.132824183	8.357405663	4.814147949
5.88875	5.813390017	10.13344526	4.7955513
5.895417	6.728649139	12.20545173	4.787921906
5.902083	7.888317108	14.50198889	4.786968231
5.90875	9.28273797	16.93674922	4.789352417
5.915417	10.88127494	19.4247663	4.794120789
5.922083	12.63648272	21.89666033	4.80556488
5.92875	14.49343562	24.30316806	4.827022552
5.935417	16.39837027	26.61377192	4.861354828
5.942083	18.30241084	28.81112695	4.915714264
5.94875	20.1638341	30.88483214	4.994869232
5.955417	21.94964886	32.82415867	5.099773407
5.962083	23.63356948	34.61310267	5.220413208
5.96875	25.19643307	36.23080254	5.345344543
5.975417	26.6264081	37.65699267	5.46503067
5.982083	27.92167664	38.8789773	5.576133728
5.98875	29.08876538	39.89958763	5.677223206
5.995417	30.13706207	40.7384932	5.771636963
6.002083	31.0716033	41.42746329	5.864143372
6.00875	31.8903625	42.00562835	5.954265594
6.015417	32.58579969	42.51399636	6.031513214
6.022083	33.14575553	42.99336672	6.080150604
6.02875	33.55926275	43.48051548	6.085395813
6.035417	33.82652998	44.00613904	6.034851074
6.042083	33.96746516	44.60161924	5.928516388
6.04875	34.02280807	45.30608654	5.775928497
6.055417	34.04694796	46.17130756	5.598545074
6.062083	34.09960866	47.26007581	5.418300629
6.06875	34.23902392	48.63971472	5.251407623
6.075417	34.5210135	50.3745079	5.110740662
6.082083	34.99606252	52.51517892	5.00202179
6.08875	35.70652008	55.08765578	4.923820496
6.095417	36.68534756	58.0817759	4.868507385
6.102083	37.9562974	61.4503026	4.827976227
6.10875	39.53331709	65.1165247	4.795074463
6.115417	41.41560197	68.9919889	4.765033722
6.122083	43.58151555	73.00060987	4.734039307
6.12875	45.99294066	77.10239291	4.699230194
6.135417	48.60296845	81.32106066	4.660606384
6.142083	51.36597157	85.77042818	4.620075226
6.14875	54.24892902	90.68116546	4.581928253
6.155417	57.24412203	96.41179442	4.548072815
6.162083	60.38501859	103.4113169	4.519462585
6.16875	63.75616789	112.1131182	4.496574402
6.175417	67.49653816	122.7728724	4.480838776
6.182083	71.7908442	135.3054345	4.472255707
6.18875	76.83968544	149.1956711	4.46844101
6.195417	82.80518651	163.534373	4.466533661
6.202083	89.74334598	177.1785319	4.466533661
6.20875	97.54502773	188.9886856	4.467010498
6.215417	105.9075296	198.0668902	4.469394684
6.222083	114.3544912	203.9223015	4.473686218
6.22875	122.3075688	206.5202296	4.481315613
6.235417	129.1905046	206.2006593	4.496097565
6.242083	134.531945	203.5125494	4.519939423
6.24875	138.0403042	199.0440488	4.553318024
6.255417	139.6333873	193.3119297	4.592418671
6.262083	139.4163668	186.7251396	4.633426666
6.26875	137.6226544	179.5895994	4.67300415
6.275417	134.5441937	172.1313	4.70495224
6.282083	130.4774284	164.5202041	4.726409912
6.28875	125.6925166	156.8897367	4.735946655
6.295417	120.4214096	149.3520141	4.741668701
6.302083	114.862144	142.0066953	4.756450653
6.30875	109.1878414	134.9516511	4.806995392
6.315417	103.5629213	128.2986104	4.947185516
6.322083	98.17019105	122.2001016	5.280971527
6.32875	93.25256944	116.8977618	6.010055542
6.335417	89.17963505	112.7976775	7.505893707
6.342083	86.5367949	110.5649769	10.409832
6.34875	86.22065187	111.2050414	15.72704315
6.355417	89.48177099	116.0714924	24.82604981
6.362083	97.82448411	126.7077029	39.26753998
6.36875	112.6919687	144.4533169	60.39428711
6.375417	134.9470913	169.860363	88.73319626
6.382083	164.2699838	202.100426	123.3787537
6.38875	198.6966133	238.6202514	161.6292
6.395417	234.5668972	275.2725482	199.1362572
6.402083	267.0420408	307.0064485	230.6685448
6.40875	291.1143303	328.987211	251.2979507
6.415417	302.8125167	337.8103375	257.6346397
6.422083	300.2204597	332.387954	248.7096786
6.42875	283.9769721	314.2013848	226.2263298
6.435417	257.0702434	286.852628	194.062233
6.442083	223.9923477	255.07617	157.1969986
6.44875	189.5751655	223.5539854	120.4724312
6.455417	157.9232812	195.9306002	87.62454987
6.462083	131.7474246	174.2979586	60.81151962
6.46875	112.1905744	159.1944098	40.63844681
6.475417	99.07242656	149.9663293	26.54981613
6.482083	91.36474133	145.2845633	17.35830307
6.48875	87.69121766	143.6294317	11.72542572
6.495417	86.69960499	143.6307132	8.462429047
6.502083	87.26140857	144.2324519	6.663799286
6.50875	88.53602409	144.7203159	5.712032318
6.515417	89.94907141	144.6719468	5.224227905
6.522083	91.13729	143.8818872	4.98342514
6.52875	91.88815951	142.2891617	4.877567291
6.535417	92.08980203	139.9205029	4.858493805
6.542083	91.69888496	136.8547082	4.912853241
6.54875	90.71618319	133.1984699	5.050182343
6.555417	89.17272091	129.0695965	5.292892456
6.562083	87.12011576	124.5829761	5.667209625
6.56875	84.62208509	119.8377311	6.190299988
6.575417	81.74866438	114.9060428	6.853580475
6.582083	78.56729627	109.8250449	7.613658905
6.58875	75.1388967	104.5980155	8.393287659
6.595417	71.51803374	99.20555353	9.093284607
6.602083	67.75066257	93.62465143	9.614944458
6.60875	63.87287378	87.8495574	9.882926941
6.615417	59.91336703	81.90628886	9.864807129
6.622083	55.89705706	75.85790753	9.57775116
6.62875	51.84882879	69.79599595	9.080410004
6.635417	47.79699445	63.82447481	8.456230164
6.642083	43.7758863	58.04279447	7.787704468
6.64875	39.82642293	52.53091454	7.143974304
6.655417	35.99309921	47.34405875	6.57081604
6.662083	32.32017159	42.51092672	6.089687347
6.66875	28.84846926	38.03730011	5.700111389
6.675417	25.61321855	33.91692042	5.391597748
6.682083	22.64046669	30.13935685	5.151748657
6.68875	19.94365454	26.69301629	4.967689514
6.695417	17.52501726	23.56550097	4.828453064
6.702083	15.37939906	20.74503899	4.722595215
6.70875	13.49660754	18.22045445	4.642486572
6.715417	11.86147332	15.97988605	4.584312439
6.722083	10.45441627	14.00989294	4.543781281
6.72875	9.253561497	12.29423285	4.516601562
6.735417	8.237332106	10.81395149	4.498004913
6.742083	7.385224104	9.54797864	4.486560822
6.74875	6.677359343	8.474111557	4.480838776
6.755417	6.094038486	7.570415735	4.480361938
6.762083	5.616217852	6.815373898	4.483222961
6.76875	5.226939917	6.189674139	4.487037659
6.775417	4.911601543	5.675107241	4.491329193
6.782083	4.658281803	5.254417658	4.496574402
6.78875	4.455894232	4.913926125	4.504680634
6.795417	4.29546833	4.641383886	4.514694214
6.802083	4.169583321	4.424721003	4.526138306
6.80875	4.07192111	4.252314568	4.539966583
6.815417	3.99723649	4.11477685	4.55904007
6.822083	3.94153595	4.004985094	4.581451416
6.82875	3.900974989	3.918528557	4.605293274
6.835417	3.870457411	3.851860762	4.628658295
6.842083	3.846526146	3.800958395	4.652023315
6.84875	3.827422857	3.761947155	4.675388336
6.855417	3.812193871	3.731489182	4.696369171
6.862083	3.799259663	3.707081079	4.714488983
6.86875	3.786027431	3.686666489	4.728317261
6.875417	3.770679235	3.667384386	4.738330841
6.882083	3.752946854	3.648042679	4.74357605
6.88875	3.733247519	3.629177809	4.743099213
6.895417	3.711491823	3.609955311	4.737377167
6.902083	3.686875105	3.588050604	4.725456238
6.90875	3.65960598	3.562271595	4.709243774
6.915417	3.63099575	3.53294611	4.689693451
6.922083	3.602385521	3.501057625	4.667282104
6.92875	3.573358059	3.468632698	4.642963409
6.935417	3.543376923	3.436207771	4.616260529
6.942083	3.512650728	3.404200077	4.588127136
6.94875	3.482282162	3.372937441	4.559516907
6.955417	3.453344107	3.342360258	4.531383514
6.962083	3.425627947	3.311693668	4.503726959
6.96875	3.398656845	3.279387951	4.474639893
6.975417	3.371953964	3.245592117	4.445075989
6.982083	3.345251083	3.211259842	4.415035248
6.98875	3.31813097	3.177762032	4.38451767
6.995417	3.290683031	3.14617157	4.353046417
7.002083	3.264337778	3.116905689	4.323482513
7.00875	3.24010849	3.090918064	4.296779633
7.015417	3.218054771	3.068327904	4.273891449
7.022083	3.199160099	3.049015999	4.255771637
7.02875	3.185451031	3.033310175	4.242420197
7.035417	3.176420927	3.021359444	4.234313965
7.042083	3.170311451	3.013283014	4.230499268
7.04875	3.166586161	3.008961678	4.229545593
7.055417	3.165662289	3.008514643	4.230976105
7.062083	3.167450428	3.010779619	4.234313965
7.06875	3.170311451	3.013908863	4.239082336
7.075417	3.171920776	3.015935421	4.243373871
7.082083	3.170460463	3.015428782	4.245758057
7.08875	3.166079521	3.011792898	4.245758057
7.095417	3.159731627	3.004670143	4.243373871
7.102083	3.15195322	2.994298935	4.238128662
7.10875	3.143161535	2.982437611	4.230499268
7.115417	3.133684397	2.969831228	4.220962524
7.122083	3.124088049	2.957373857	4.211902618
7.12875	3.115445375	2.945870161	4.204750061
7.135417	3.10754776	2.935320139	4.198551178
7.142083	3.099501133	2.925515175	4.193782806
7.14875	3.09112668	2.916187048	4.189968109
7.155417	3.083854914	2.907544374	4.187107086
7.162083	3.078490496	2.900063992	4.184246063
7.16875	3.07482481	2.893805504	4.181861877
7.175417	3.071546555	2.889126539	4.180431366
7.182083	3.067523241	2.886205912	4.178524017
7.18875	3.063231707	2.884447575	4.176616669
7.195417	3.059148788	2.8834939	4.175186157
7.202083	3.055125475	2.88233161	4.175662994
7.20875	3.050833941	2.880901098	4.177570343
7.215417	3.047168255	2.879261971	4.179477692
7.222083	3.044098616	2.877563238	4.18138504
7.22875	3.040760756	2.87592411	4.183292389
7.235417	3.03658843	2.87297368	4.184246063
7.242083	3.030717373	2.867847681	4.182815552
7.24875	3.02362442	2.860814333	4.179000854
7.255417	3.015577793	2.852082253	4.173278809
7.262083	3.006994724	2.842128277	4.166126251
7.26875	2.998828888	2.831637859	4.159927368
7.275417	2.991616726	2.821773291	4.153728485
7.282083	2.985775471	2.814382315	4.147529602
7.28875	2.981632948	2.810806036	4.142284393
7.295417	2.979129553	2.81020999	4.138946533
7.302083	2.979367971	2.811104059	4.138469696
7.30875	2.983212471	2.813160419	4.138946533
7.315417	2.990186214	2.816855907	4.140853882
7.322083	3.000229597	2.821624279	4.145145416
7.32875	3.012984991	2.825558186	4.153251648
7.335417	3.027647734	2.828210592	4.162788391
7.342083	3.042966127	2.830803394	4.172801971
7.34875	3.056913614	2.83408165	4.182815552
7.355417	3.068953753	2.837687731	4.192352295
7.362083	3.077834845	2.840608358	4.198551178
7.36875	3.081530333	2.841949463	4.198551178
7.375417	3.079295158	2.841323614	4.194259644
7.382083	3.072112799	2.838850021	4.188537598
7.38875	3.061383963	2.834200859	4.18138504
7.395417	3.047049046	2.827435732	4.172325134
7.402083	3.03041935	2.818912268	4.16135788
7.40875	3.014087677	2.810895443	4.150390625
7.415417	3.000289202	2.805054188	4.13942337
7.422083	2.988785505	2.801328897	4.127025604
7.42875	2.978652716	2.799153328	4.115104675
7.435417	2.970427275	2.797454596	4.104614258
7.442083	2.964735031	2.795815468	4.095077515
7.44875	2.961754799	2.793699503	4.087924957
7.455417	2.960056067	2.791315317	4.081249237
7.462083	2.958834171	2.789139748	4.076004028
7.46875	2.957671881	2.787858248	4.07075882
7.475417	2.956449986	2.787798643	4.064559937
7.482083	2.955913544	2.788901329	4.058837891
7.48875	2.955913544	2.791017294	4.053592682
7.495417	2.956330776	2.79340148	4.049301147
7.502083	2.957701683	2.795785666	4.044055939
7.50875	2.960860729	2.798378468	4.037857056
7.515417	2.966463566	2.801656723	4.034042358
7.522083	2.972513437	2.80547142	4.034042358
7.52875	2.976924181	2.809077501	4.03547287
7.535417	2.979636192	2.812206745	4.036426544
7.542083	2.981334925	2.815485001	4.035949707
7.54875	2.981930971	2.819091082	4.034996033
7.555417	2.980619669	2.821803093	4.030227661
7.562083	2.978235483	2.823293209	4.021644592
7.56875	2.976059914	2.8244555	4.011631012
7.575417	2.974569798	2.825468779	4.00352478
7.582083	2.973616123	2.825111151	3.999710083
7.58875	2.972871065	2.823263407	3.998279572
7.595417	2.972602844	2.820879221	3.998756409
7.602083	2.972602844	2.818912268	3.999710083
7.60875	2.972185612	2.817481756	4.00018692
7.615417	2.97164917	2.816468477	3.999710083
7.622083	2.971857786	2.817034721	3.997802734
7.62875	2.972960472	2.820193768	3.995418549
7.635417	2.97549367	2.825170755	3.993034363
7.642083	2.979457378	2.829790115	3.990650177
7.64875	2.984434366	2.833813429	3.989219666
7.655417	2.989679575	2.838104963	3.987312317
7.662083	2.994298935	2.842396498	3.984928131
7.66875	2.997487783	2.846479416	3.983020782
7.675417	2.999663353	2.850502729	3.98015976
7.682083	3.001153469	2.85500288	3.978252411
7.68875	3.00231576	2.859771252	3.975391388
7.695417	3.003746271	2.864539623	3.973484039
7.702083	3.005385399	2.869099379	3.972530365
7.70875	3.007084131	2.872765064	3.973007202
7.715417	3.009557724	2.875000238	3.973960876
7.722083	3.014624119	2.876847982	3.975868225
7.72875	3.021925688	2.879858017	3.979206085
7.735417	3.030031919	2.884507179	3.983020782
7.742083	3.037929535	2.890437841	3.98683548
7.74875	3.046184778	2.896845341	3.990650177
7.755417	3.0554533	2.90414691	3.995418549
7.762083	3.064572811	2.913087606	4.001617432
7.76875	3.072947264	2.923935652	4.009723663
7.775417	3.081679344	2.935856581	4.017829895
7.782083	3.092885017	2.948403358	4.026412964
7.78875	3.107696772	2.963215113	4.036903381
7.795417	3.126055002	2.982407808	4.052639008
7.802083	3.148645163	3.00732255	4.073143005
7.80875	3.176212311	3.03670764	4.099369049
7.815417	3.208398819	3.06853652	4.131793976
7.822083	3.244608641	3.102898598	4.170894623
7.82875	3.284692764	3.140598536	4.215717316
7.835417	3.327697515	3.180801868	4.264354706
7.842083	3.372043371	3.22201848	4.316806793
7.84875	3.416389227	3.263711929	4.370212555
7.855417	3.460943699	3.306090832	4.424095154
7.862083	3.505557775	3.349006176	4.478931427
7.86875	3.54886055	3.392130136	4.532814026
7.875417	3.588944674	3.434687853	4.584789276
7.882083	3.625154495	3.474712372	4.633903503
7.88875	3.658443689	3.511399031	4.681110382
7.895417	3.688305616	3.544121981	4.724502563
7.902083	3.712356091	3.571659327	4.762649536
7.90875	3.728836775	3.593057394	4.792690277
7.915417	3.737837076	3.607153893	4.813194275
7.922083	3.739535809	3.613978624	4.823684692
7.92875	3.733128309	3.613978624	4.822254181
7.935417	3.719031811	3.606557846	4.808425903
7.942083	3.698199987	3.59198451	4.782676697
7.94875	3.67179513	3.570884466	4.748344421
7.955417	3.640204668	3.544270992	4.707336426
7.962083	3.604143858	3.51241231	4.65965271
7.96875	3.565639257	3.4763515	4.606723785
7.975417	3.525853157	3.438472748	4.551410675
7.982083	3.486424685	3.40116024	4.497051239
7.98875	3.448843956	3.365755081	4.444599152
7.995417	3.415107727	3.33288312	4.396438599
8.002083	3.38730216	3.304183483	4.354476929
8.00875	3.365069628	3.281146288	4.319190979
8.015417	3.346979618	3.263473511	4.29058075
8.022083	3.332227468	3.249257803	4.266738892
8.02875	3.320604563	3.237426281	4.246711731
8.035417	3.311634064	3.227353096	4.23002243
8.042083	3.304839134	3.218650818	4.217147827
8.04875	3.30016017	3.211647272	4.207611084
8.055417	3.297448158	3.206074238	4.200935364
8.062083	3.296375275	3.202557564	4.197597504
8.06875	3.296792507	3.201276064	4.196643829
8.075417	3.298163414	3.201842308	4.197120667
8.082083	3.29965353	3.204375505	4.197597504
8.08875	3.301024437	3.207713366	4.197597504
8.095417	3.303766251	3.211468458	4.197597504
8.102083	3.30799818	3.21534276	4.198551178
8.10875	3.312975168	3.218889236	4.199981689
8.115417	3.319054842	3.22291255	4.201889038
8.122083	3.325998783	3.227829933	4.205226898
8.12875	3.332257271	3.233551979	4.20999527
8.135417	3.337562084	3.239065409	4.215240479
8.142083	3.342956305	3.244310617	4.220485687
8.14875	3.34957242	3.249973059	4.225730896
8.155417	3.356307745	3.256380558	4.230976105
8.162083	3.362089396	3.262430429	4.234790802
8.16875	3.368169069	3.267258406	4.239082336
8.175417	3.375530243	3.271758556	4.243850708
8.182083	3.383159637	3.277152777	4.250526428
8.18875	3.390371799	3.283768892	4.257678986
8.195417	3.396421671	3.290295601	4.264354706
8.202083	3.401458263	3.295809031	4.271507263
8.20875	3.405809402	3.301680088	4.277706146
8.215417	3.409415483	3.308564425	4.285335541
8.222083	3.412753344	3.315716982	4.292964935
8.22875	3.415673971	3.322660923	4.300117493
8.235417	3.418266773	3.328919411	4.30727005
8.242083	3.421545029	3.33443284	4.314899445
8.24875	3.424942493	3.339469433	4.323005676
8.255417	3.4275949	3.344237804	4.328250885
8.262083	3.42977047	3.348171711	4.330635071
8.26875	3.432512283	3.351032734	4.333019257
8.275417	3.437161446	3.353685141	4.336357117
8.282083	3.443092108	3.356903791	4.340171814
8.28875	3.448665142	3.361821175	4.342556
8.295417	3.453016281	3.367751837	4.345417023
8.302083	3.457456827	3.37395072	4.350662231
8.30875	3.463536501	3.380149603	4.357814789
8.315417	3.47173214	3.387600183	4.367351532
8.322083	3.481477499	3.397285938	4.377841949
8.32875	3.491908312	3.407359123	4.390716553
8.335417	3.503084183	3.416478634	4.403591156
8.342083	3.513902426	3.424853086	4.414081573
8.34875	3.52203846	3.432124853	4.421234131
8.355417	3.525465727	3.436654806	4.425525665
8.362083	3.524690866	3.437787294	4.42647934
8.36875	3.521889448	3.436267376	4.424571991
8.375417	3.518760204	3.432571888	4.419803619
8.382083	3.515690565	3.427177668	4.414081573
8.38875	3.512352705	3.421396017	4.408359528
8.395417	3.509432077	3.41719389	4.403591156
8.402083	3.50767374	3.414958715	4.400253296
8.40875	3.506928682	3.414362669	4.398822784
8.415417	3.506869078	3.416091204	4.400730133
8.422083	3.507971764	3.421097994	4.405498505
8.42875	3.510504961	3.428250551	4.410743713
8.435417	3.514677286	3.43477726	4.415035248
8.442083	3.519922495	3.440499306	4.418373108
8.44875	3.526002169	3.446012735	4.422664642
8.455417	3.533780575	3.451257944	4.427433014
8.462083	3.542155027	3.456503153	4.43315506
8.46875	3.54963541	3.462165594	4.438877106
8.475417	3.555893898	3.469616175	4.4465065
8.482083	3.56182456	3.479093313	4.455566406
8.48875	3.568232059	3.488898277	4.464626312
8.495417	3.57490778	3.498643637	4.472255707
8.502083	3.580957651	3.508657217	4.478931427
8.50875	3.58620286	3.518253565	4.48513031
8.515417	3.592073917	3.52627039	4.491329193
8.522083	3.598958254	3.53294611	4.49848175
8.52875	3.606319427	3.53962183	4.505157471
8.535417	3.614157438	3.546923399	4.511833191
8.542083	3.622680902	3.554403782	4.518508911
8.54875	3.632158041	3.561496735	4.525661469
8.555417	3.642171621	3.569126129	4.531860352
8.562083	3.651350737	3.57696414	4.537582397
8.56875	3.659039736	3.584444523	4.542350769
8.575417	3.665357828	3.590077162	4.547119141
8.582083	3.669977188	3.59416008	4.551410675
8.58875	3.673583269	3.597557545	4.555225372
8.595417	3.676712513	3.600209951	4.559516907
8.602083	3.679782152	3.60301137	4.563331604
8.60875	3.683328629	3.60634923	4.567146301
8.615417	3.686726093	3.610104322	4.570960999
8.622083	3.689169884	3.614395857	4.574298859
8.62875	3.691285849	3.619104624	4.57906723
8.635417	3.694713116	3.624975681	4.583358765
8.642083	3.69989872	3.632068634	4.589080811
8.64875	3.705620766	3.639906645	4.595756531
8.655417	3.71196866	3.648012877	4.603385925
8.662083	3.720164299	3.656744957	4.612445831
8.66875	3.729701042	3.6662817	4.622459412
8.675417	3.738611937	3.676235676	4.631996155
8.682083	3.745466471	3.686100245	4.640579224
8.68875	3.750711679	3.694117069	4.648208618
8.695417	3.756374121	3.700375557	4.656791687
8.702083	3.763198853	3.706723452	4.665851593
8.70875	3.771036863	3.713876009	4.673480988
8.715417	3.779351711	3.72081995	4.680156708
8.722083	3.788769245	3.72749567	4.686832428
8.72875	3.799885511	3.735005856	4.695415497
8.735417	3.811597824	3.744423389	4.702568054
8.742083	3.821998835	3.755331039	4.709243774
8.74875	3.830432892	3.766357899	4.715919495
8.755417	3.838062286	3.776848316	4.724979401
8.762083	3.846108913	3.787338734	4.734992981
8.76875	3.854483366	3.798663616	4.746437073
8.775417	3.862380981	3.811687231	4.759311676
8.782083	3.870010376	3.82488966	4.773139954
8.78875	3.878474236	3.837287426	4.786968231
8.795417	3.888428211	3.849059343	4.800319672
8.802083	3.898710012	3.859817982	4.812717438
8.80875	3.908097744	3.869265318	4.823207855
8.815417	3.91626358	3.875911236	4.831790924
8.822083	3.923475742	3.879636526	4.838466644
8.82875	3.929316998	3.881812096	4.843235016
8.835417	3.933668137	3.883928061	4.84752655
8.842083	3.937482834	3.886938095	4.851341248
8.84875	3.941714764	3.891378641	4.855632782
8.855417	3.946691751	3.897249699	4.858493805
8.862083	3.952771425	3.904342651	4.860877991
8.86875	3.960341215	3.912389278	4.864692688
8.875417	3.968864679	3.920972347	4.870891571
8.882083	3.977298737	3.9293468	4.877090454
8.88875	3.985345364	3.937453032	4.8828125
8.895417	3.994137049	3.945350647	4.889965057
8.902083	4.003405571	3.952771425	4.900455475
8.90875	4.012733698	3.960549831	4.912376404
8.915417	4.021167755	3.971010447	4.925251007
8.922083	4.029422998	3.984510899	4.939079285
8.92875	4.039734602	3.998607397	4.953384399
8.935417	4.05228138	4.011809826	4.968643188
8.942083	4.065841436	4.024624825	4.982948303
8.94875	4.07987833	4.038393497	4.996299744
8.955417	4.094600677	4.051655531	5.006313324
8.962083	4.109233618	4.063159227	5.013942719
8.96875	4.122018814	4.073917866	5.022525787
8.975417	4.132211208	4.085034132	5.033016205
8.982083	4.140377045	4.096746445	5.043029785
8.98875	4.147797823	4.107356071	5.052089691
8.995417	4.154533148	4.116266966	5.061149597
9.002083	4.160523415	4.123538733	5.07068634
9.00875	4.166245461	4.129946232	5.077838898
9.015417	4.171550274	4.137039185	5.081653595
9.022083	4.175901413	4.144251347	5.083084106
9.02875	4.179298878	4.150718451	5.084514618
9.035417	4.182368517	4.156708717	5.086421967
9.042083	4.185914993	4.162847996	5.08928299
9.04875	4.190146923	4.169523716	5.093097687
9.055417	4.195123911	4.176199436	5.098819733
9.062083	4.199951887	4.183083773	5.105018616
9.06875	4.20486927	4.190444946	5.111694336
9.075417	4.211634398	4.198491573	5.117893219
9.082083	4.220366478	4.207909107	5.125522614
9.08875	4.230111837	4.219025373	5.133628845
9.095417	4.24054265	4.230737686	5.142211914
9.102083	4.252135754	4.241973162	5.150318146
9.10875	4.26453352	4.252523184	5.160808563
9.115417	4.27672267	4.262536764	5.173683167
9.122083	4.28801775	4.272550344	5.18655777
9.12875	4.298299551	4.281938076	5.19990921
9.135417	4.308730364	4.290103912	5.214691162
9.142083	4.320949316	4.298150539	5.2318573
9.14875	4.335612059	4.30777669	5.249500275
9.155417	4.351139069	4.319161177	5.266666412
9.162083	4.365980625	4.330873489	5.282402039
9.16875	4.379659891	4.342108965	5.296707153
9.175417	4.392117262	4.353284836	5.308628082
9.182083	4.403412342	4.364311695	5.320549011
9.18875	4.412651062	4.373967648	5.331993103
9.195417	4.419863224	4.381507635	5.341529846
9.202083	4.426538944	4.387289286	5.350112915
9.20875	4.433631897	4.392534494	5.358695984
9.215417	4.441469908	4.396945238	5.369186401
9.222083	4.449576139	4.400283098	5.379676819
9.22875	4.457682371	4.403829575	5.387783051
9.235417	4.465162754	4.408687353	5.393028259
9.242083	4.471838474	4.415720701	5.397796631
9.24875	4.47934866	4.424452782	5.403518677
9.255417	4.488348961	4.434406757	5.40971756
9.262083	4.497259855	4.445314407	5.415439606
9.26875	4.504531622	4.456549883	5.422115326
9.275417	4.510730505	4.466891289	5.429267883
9.282083	4.517972469	4.475384951	5.436897278
9.28875	4.527181387	4.482537508	5.444526672
9.295417	4.536777735	4.489898682	5.451202393
9.302083	4.544794559	4.497736692	5.457878113
9.30875	4.551887512	4.505842924	5.464553833
9.315417	4.560142756	4.51374054	5.472660065
9.322083	4.569202662	4.521369934	5.483627319
9.32875	4.577428102	4.529625177	5.497455597
9.335417	4.584789276	4.5388937	5.511283875
9.342083	4.593044519	4.548221827	5.522727966
9.34875	4.603147507	4.557073116	5.532741547
9.355417	4.615008831	4.565864801	5.54227829
9.362083	4.626989365	4.576176405	5.551815033
9.36875	4.637807608	4.58830595	5.55896759
9.375417	4.647821188	4.600077868	5.565643311
9.382083	4.658252001	4.610836506	5.573749542
9.38875	4.669427872	4.62153554	5.586147308
9.395417	4.680246115	4.632294178	5.599021912
9.402083	4.689842463	4.642158747	5.609512329
9.40875	4.698485136	4.650592804	5.618095398
9.415417	4.706799984	4.658430815	5.626678467
9.422083	4.71663475	4.667162895	5.636692047
9.42875	4.728496075	4.67774272	5.648136139
9.435417	4.741311073	4.690915346	5.660057068
9.442083	4.75487113	4.706114531	5.672931671
9.44875	4.768699408	4.721850157	5.686759949
9.455417	4.782527685	4.737377167	5.700588226
9.462083	4.795312881	4.752218723	5.712985992
9.46875	4.806131124	4.766941071	5.723953247
9.475417	4.815936089	4.780739546	5.734920502
9.482083	4.825472832	4.79182601	5.746841431
9.48875	4.835426807	4.801005125	5.758285522
9.495417	4.846125841	4.809319973	5.769252777
9.502083	4.857301712	4.818111658	5.779266357
9.50875	4.868745804	4.826545715	5.788803101
9.515417	4.880189896	4.83417511	5.796432495
9.522083	4.89205122	4.841804504	5.80406189
9.52875	4.905283451	4.850685596	5.81407547
9.535417	4.920214415	4.862427711	5.827903748
9.542083	4.936158657	4.876822233	5.842685699
9.54875	4.952162504	4.892975092	5.857944489
9.555417	4.968315363	4.910498857	5.874633789
9.562083	4.985421896	4.929721355	5.893230438
9.56875	5.003064871	4.949748516	5.912780762
9.575417	5.019873381	4.969149828	5.930423737
9.582083	5.034357309	4.986077547	5.9466362
9.58875	5.04681468	4.999816418	5.961418152
9.595417	5.058735609	5.01075387	5.974292755
9.602083	5.069613457	5.019396544	5.98526001
9.60875	5.078524351	5.027294159	5.993843079
9.615417	5.08621335	5.034714937	6.000995636
9.622083	5.093574524	5.041241646	6.007671356
9.62875	5.101829767	5.046337843	6.014347076
9.635417	5.110889673	5.051463842	6.022453308
9.642083	5.119949579	5.058914423	6.031036377
9.64875	5.128800869	5.067974329	6.039619446
9.655417	5.137592554	5.076825619	6.047725677
9.662083	5.147069693	5.08582592	6.056308746
9.66875	5.157500505	5.095988512	6.067276001
9.675417	5.168259144	5.107998848	6.080150604
9.682083	5.179166794	5.121350288	6.093025208
9.68875	5.190819502	5.134284496	6.105422974
9.695417	5.203783512	5.14626503	6.118297577
9.702083	5.218923092	5.157917738	6.132125854
9.70875	5.235761404	5.170464516	6.144046783
9.715417	5.252987146	5.184441805	6.154060364
9.722083	5.269259214	5.198597908	6.16312027
9.72875	5.284786224	5.211949348	6.172180176
9.735417	5.299210548	5.225092173	6.18314743
9.742083	5.312144756	5.238592625	6.196022034
9.74875	5.324333906	5.252689123	6.209373474
9.755417	5.336463451	5.265474319	6.222248077
9.762083	5.349487066	5.276709795	6.234645844
9.76875	5.363941193	5.287259817	6.247997284
9.775417	5.379408598	5.297899246	6.261825562
9.782083	5.394726992	5.309343338	6.275177002
9.78875	5.409091711	5.321413279	6.28900528
9.795417	5.422711372	5.334079266	6.302833557
9.802083	5.436062813	5.346477032	6.317138672
9.80875	5.448997021	5.359083414	6.332397461
9.815417	5.461394787	5.371958017	6.346702576
9.822083	5.474209785	5.384624004	6.360054016
9.82875	5.487978458	5.396187305	6.372451782
9.835417	5.502492189	5.40626049	6.385326385
9.842083	5.517482758	5.416423082	6.399154663
9.84875	5.532741547	5.428433418	6.412506104
9.855417	5.547791719	5.442202091	6.424427032
9.862083	5.562156439	5.456507206	6.43491745
9.86875	5.575984716	5.470395088	6.445884705
9.875417	5.59002161	5.483329296	6.459236145
9.882083	5.603909492	5.496144295	6.47354126
9.88875	5.617052317	5.509495735	6.487846375
9.895417	5.629509687	5.522638559	6.502628326
9.902083	5.641222	5.535304546	6.517887115
9.90875	5.653083324	5.54728508	6.533622742
9.915417	5.665481091	5.558937788	6.547451019
9.922083	5.67767024	5.570858717	6.559848785
9.92875	5.689382553	5.581945181	6.571292877
9.935417	5.701035261	5.591750145	6.582260132
9.942083	5.713999271	5.601495504	6.594657898
9.94875	5.728304386	5.61234355	6.608009338
9.955417	5.742818117	5.624890327	6.621360779
9.962083	5.758017302	5.638241768	6.633758545
9.96875	5.773961544	5.651175976	6.645679474
9.975417	5.790174007	5.663365126	6.659030914
9.982083	5.806386471	5.675703287	6.675243378
9.98875	5.821764469	5.688995123	6.690502167
9.995417	5.835443735	5.7028234	
10.002083			
